{"embodied": {"0": [2.125, 2.318181818181818, 2.55, 2.8, 2.55], "7": [2.125, 2.318181818181818, 2.55, 2.8, 2.55], "14": [2.125, 2.318181818181818, 2.55, 2.8, 2.55], "21": [2.125, 2.318181818181818, 2.55, 2.8, 2.55], "28": [2.125, 2.318181818181818, 2.55, 2.8, 2.55], "35": [2.125, 2.318181818181818, 2.55, 2.8, 2.55], "42": [2.125, 2.318181818181818, 2.55, 2.8, 2.55], "49": [2.125, 2.318181818181818, 2.55, 2.8, 2.55]}, "brown": {"0": [0.03997779360699203, 0.11505354754073999, 0.8483820686069252, 0.3108205613144923, 0.07511910340970018], "7": [0.5997125468052468, 1.1525356618962477, 3.6098118818020315, 2.8967926500021095, 0.7755932200675921], "14": [0.45034264238090804, 0.6889396505920539, 2.3569939890585725, 1.5159732324608035, 0.5864444238572627], "21": [2.4651908993823044, 2.600987001647717, 4.16072853714742, 2.6542673997368262, 2.7318454933795397], "28": [0.06574698542361929, 1.0884595663334182, 7.668704886058445, 5.798067308166066, 0.658828096263721], "35": [1.3281533688066052, 1.6106146369043735, 7.8011499175806716, 5.492371996517438, 1.5185965002652915], "42": [5.025655581260057, 5.483457072560217, 13.597504362911963, 10.955352431424974, 5.241478195404419], "49": [1.852558518826319, 2.5095379818111687, 3.371050683266042, 1.661316716925115, 2.4420344684932047]}, "green": {"0": [0.33571077442992386, 0.3367703593191316, 0.32515364598166774, 0.3353785126445223, 0.3385303600386176], "7": [0.21988504010598045, 0.22349002944784724, 0.1745758370691822, 0.19355071703023344, 0.21889388615604796], "14": [0.3607195339842643, 0.35559368190362123, 0.3269790683043462, 0.342766705071227, 0.36234807478609476], "21": [0.2686764155938889, 0.26633699715935616, 0.24134218750651046, 0.265110018119282, 0.26849593781397496], "28": [0.6057531258066715, 0.6026951743020343, 0.4854599349238214, 0.5172201881407865, 0.6111066296392833], "35": [0.7674769252332682, 0.7641028380093683, 0.6667002005062006, 0.7022905813346512, 0.7752521548678007], "42": [0.6432115092021252, 0.6571405861239024, 0.5294333923219975, 0.5704789434067077, 0.6673012532034029], "49": [1.0685824380728277, 1.058409068731739, 1.0206677496142993, 1.0736534323328801, 1.073444824402257]}}