{"power mispred": {"-30": 11051.011389298515, "-28": 10733.524857663375, "-26": 10595.542982583294, "-24": 10372.200851362923, "-22": 10123.320955005029, "-20": 9493.418249967082, "-18": 9546.29312936718, "-16": 9550.269565548968, "-14": 9409.433565895375, "-12": 9130.173674475625, "-10": 8966.877382271174, "-8": 8780.454908670608, "-6": 8618.961804839742, "-4": 8347.929645083426, "-2": 8134.543716642423, "2": 8348.920722168466, "4": 8390.661357110741, "6": 8870.94016792515, "8": 9013.110223605927, "10": 9294.318336826625, "12": 9920.368843886481, "14": 10014.269577838399, "16": 10229.387171730654, "18": 10696.794809739684, "20": 10893.034762509902, "22": 11206.927261027597, "24": 11779.065923472463, "26": 12116.705043538726, "28": 12474.146461385695, "30": 12925.310308477456, "32": 13272.685083805442, "34": 13888.69254992581, "36": 14139.597122284124, "38": 14605.947126808394, "40": 15084.72970284708}, "lifetime mispred": {"-30": 19215.693368732642, "-28": 17710.291691821836, "-26": 15174.973888259325, "-24": 15207.081976037161, "-22": 16296.647402576598, "-20": 13485.498223493558, "-18": 13005.624893621645, "-16": 13879.045735490981, "-14": 10456.45670130639, "-12": 9244.177933433071, "-10": 9182.080577603952, "-8": 9382.642783492625, "-6": 8907.112896589422, "-4": 8570.893845412003, "-2": 8096.36759943754, "0": 8139.297693082972, "2": 8211.193804957304, "4": 8425.124330825402, "6": 8227.127728135381, "8": 8225.018694395534, "10": 8193.360837922848, "12": 8294.581735088866, "14": 8258.883053415148, "16": 8235.900679364377, "18": 8302.02856708099, "20": 8359.975494383589, "22": 8294.056842948798, "24": 8294.233458725223, "26": 8269.857570776298, "28": 8386.892055664644, "30": 8245.654789051861, "32": 8297.115162564756, "34": 8225.483874358064, "36": 8244.165376637184, "38": 8283.228028630521, "40": 8285.796817020457}, "battery": [415.79206890693985, 1205.9401456200221, 894.86833560062, 2544.864343857119, 2419.21701445866, 2686.5410543591956, 5303.6889765548585, 2103.804545827431], "distr": [564.3615952032785, 1375.7064611755573, 1468.2420386620327, 2929.9608961407853, 3863.70155099516, 4053.1276523311867, 6623.655702210418, 2249.091102648839]}