{"greedy": {"0": 26713.662714832488, "10": 26713.662714832488, "20": 26713.662714832488, "30": 26716.35827262777, "40": 26716.707922113263, "50": 26698.884213250472, "55": 26706.681456271683, "60": 26711.17926933256, "65": 26718.115520747386, "70": 26722.49258715653, "75": 26644.338748393155, "80": 26658.723040829263, "82": 26658.723040829263, "84": 26675.976927392298, "86": 26699.26459995422, "88": 26702.232726002472, "90": 26706.785328032256, "92": 26717.75635566456, "94": 26854.011195631643, "96": 26862.234611655073, "98": 26915.066793203914, "100": 26925.99438925264}, "mip": {"0": 8113.651097783067, "10": 7717.9497476315, "20": 7831.865457645945, "30": 7685.933993215897, "40": 7764.706623241549, "50": 8495.9917342537, "55": 8075.064156232588, "60": 8075.987482024566, "65": 8050.046503209676, "70": 8314.370526389095, "75": 8563.73486286541, "80": 8631.963999663092, "82": 8539.896908610493, "84": 8558.121688538875, "86": 8646.953399347633, "88": 8595.981046697707, "90": 8543.276400545947, "92": 8540.01530367191, "94": 8875.813549177026, "96": 8791.289366294299, "98": 8655.541924629848, "100": 8811.787674253015}}