{"greedy": {"0": 4534.143171167784, "10": 4534.143171167784, "20": 4534.143171167784, "30": 4534.143171167784, "40": 4695.6795915823695, "50": 5446.073671281042, "55": 6088.944871346524, "60": 7301.05585298997, "65": 8927.411615362362, "70": 9624.197008891399, "75": 10150.475368511708, "80": 9975.797505275781, "82": 9862.579858753517, "84": 10371.93225131, "86": 10469.613803990147, "88": 10352.517654744377, "90": 10532.159102054107, "92": 10588.837433891204, "94": 11058.803607094762, "96": 10517.37493792417, "98": 10412.444349100097, "100": 10412.444349100097}, "mip": {"0": 0.0, "10": 60.816013133984185, "20": 210.2677207024009, "30": 334.33583125225124, "40": 517.5385003418195, "50": 743.9631069533004, "55": 877.1125191174432, "60": 970.0927444207607, "65": 1265.562482128065, "70": 1512.4516478372898, "75": 1961.7516053055406, "80": 2051.0268363374807, "82": 2053.3223772207584, "84": 2206.3919360564864, "86": 2261.92528747341, "88": 3016.423724979034, "90": 3517.7633467438036, "92": 3462.1425799092076, "94": 3987.5220003830063, "96": 5487.413163258625, "98": 6725.342517430706, "100": 7672.031776223512}}