{"greedy": {"0": 11729.792540571985, "10": 11729.792540571985, "20": 11729.792540571985, "30": 11813.479537738913, "40": 12059.958551690832, "50": 12167.47380921695, "55": 12569.156261455963, "60": 12048.930747156388, "65": 12657.488640686752, "70": 12524.509849294345, "75": 13153.95441022938, "80": 13826.986790145233, "82": 14040.424686140077, "84": 13817.79601154552, "86": 14161.999796043101, "88": 14410.395116008694, "90": 15007.442299636172, "92": 15113.42108115666, "94": 15016.146311058787, "96": 15081.724339954955, "98": 15128.76346925355, "100": 15132.483674447896}, "mip": {"0": 0.0, "10": 142.8899115758999, "20": 261.8452146095818, "30": 513.1093063210208, "40": 845.4199757467508, "50": 1184.6353982711375, "55": 1493.231287668455, "60": 1775.540221460452, "65": 1769.427795301569, "70": 2503.6682262094255, "75": 2533.0961468754, "80": 3235.3966896276334, "82": 3367.495181725384, "84": 3734.0359413658, "86": 4493.080282497838, "88": 4461.815616945019, "90": 5252.077226990601, "92": 5535.229352330851, "94": 6064.556086478866, "96": 6601.025549735097, "98": 7302.161863810912, "100": 7554.9515754620925}}