{"greedy": {"0": 2568.1234516497275, "10": 2568.1234516497275, "20": 2568.1234516497275, "30": 2568.1234516497275, "40": 3505.0830691135016, "50": 5294.101629954675, "55": 6257.901853623829, "60": 7248.303059459444, "65": 8340.442256906568, "70": 9620.244735155273, "75": 9864.028042527698, "80": 10690.661965893212, "82": 10858.852133830806, "84": 10706.340119657216, "86": 11139.752912031156, "88": 10922.005301447944, "90": 10380.114343397567, "92": 10512.06208911072, "94": 10405.891440297804, "96": 10618.38721465403, "98": 10631.318248639784, "100": 10631.318248639784}, "mip": {"0": 951.1429878380509, "10": 760.7652577310892, "20": 802.5197920408023, "30": 30.445811012434863, "40": 301.02229897632515, "60": 98.0125255600129, "65": 531.866102935533, "70": 624.5871223844648, "75": 1386.7621791308775, "80": 1502.2329525714579, "82": 2402.3848721579234, "84": 2322.9709799710045, "86": 2979.732881794001, "88": 3778.603742589224, "90": 3453.1263942000846, "92": 4770.138936882905, "94": 5267.307847914628, "96": 6305.590267094964, "98": 7635.900673510712, "100": 8829.798695081201}}