{"greedy": {"0": 5302.637665090748, "10": 5302.637665090748, "20": 5302.637665090748, "30": 5302.637665090748, "40": 5516.531026887737, "50": 6374.0364892977905, "55": 7086.085718570843, "60": 8431.875190952756, "65": 10243.954574069285, "70": 11005.92016415929, "75": 11618.822642160874, "80": 11429.152535872883, "82": 11288.287921322339, "84": 11878.379256957398, "86": 11978.813408873983, "88": 11859.906884520755, "90": 12055.747142488832, "92": 12103.678930217757, "94": 12651.317901528344, "96": 12039.660047751859, "98": 11927.780571772224, "100": 11927.780571772224}, "mip": {"0": 1219.8335830610192, "10": 981.7032691927878, "20": 709.7703635456014, "30": 419.6722043014093, "40": 103.53081986372655, "50": 232.8474600910863, "55": 417.5196892813623, "60": 886.4412137482287, "65": 883.7338108918889, "70": 1396.3772682410345, "75": 1445.7852552120812, "80": 2430.186372577535, "82": 2780.8018911076056, "84": 2677.360706191149, "86": 4045.79026322812, "88": 3916.634426487314, "90": 4592.838223662559, "92": 5148.753713378359, "94": 6088.719062911843, "96": 6892.076837117032, "98": 8055.591468255379, "100": 8810.672108565683}}