{"greedy": {"0": 2773.2146986775415, "10": 2773.2146986775415, "20": 2773.2146986775415, "30": 2774.097399691645, "40": 2774.4458964649043, "50": 2758.678298850415, "55": 2769.0907593333463, "60": 2769.8581349000747, "65": 2770.5643469789497, "70": 2759.89996635352, "75": 2757.311437005665, "80": 2761.271898713359, "82": 2761.271898713359, "84": 2769.488495841742, "86": 2776.022914099362, "88": 2779.859354399901, "90": 2780.150138247463, "92": 2786.5538602628585, "94": 2799.7106276368672, "96": 2792.3503100364264, "98": 2847.064356318429, "100": 2857.2963730849096}, "mip": {"0": 0.6339423875423942, "10": 72.24733372349358, "20": 156.42791240901457, "30": 262.9703861772617, "40": 396.4927678488873, "50": 511.33259471837124, "55": 575.9445349311443, "60": 631.0079014167018, "65": 738.7435622372968, "70": 751.7416582764697, "75": 811.2639226731412, "80": 824.8822813914314, "82": 795.1566900197338, "84": 835.1648481393092, "86": 887.3981221150182, "88": 905.2811895618986, "90": 892.8223517834043, "92": 877.1270395861688, "94": 884.2258298235841, "96": 917.8038310487817, "98": 922.6816034562421, "100": 947.0731065760832}}