{"greedy": {"0": 8581.17722289109, "10": 8581.17722289109, "20": 8581.17722289109, "30": 8588.10859824616, "40": 8596.505203627987, "50": 8657.132295570565, "55": 8722.530804658603, "60": 8829.617410753337, "65": 9176.057007986123, "70": 9186.848134858372, "75": 9176.936379025863, "80": 9488.724844269915, "82": 9504.303533334976, "84": 9295.237497136224, "86": 8946.849191118075, "88": 8983.585112006538, "90": 9025.350974309618, "92": 9660.224926825933, "94": 9661.957048972949, "96": 9710.206112932245, "98": 9709.843839080324, "100": 9750.70145698807}, "mip": {"0": 5.070791432310423, "10": 108.54869980870403, "20": 205.37774721011127, "30": 368.9350175323132, "40": 643.0981645776418, "50": 920.4287717701181, "55": 1029.1028862029152, "60": 1152.0739830146144, "65": 1360.8347354978844, "70": 1590.8319653309657, "75": 1743.8154984281457, "80": 2024.9815189884382, "82": 2125.294177719637, "84": 2131.833998183037, "86": 2361.89465598875, "88": 2539.7874126517027, "90": 2733.815770015021, "92": 2747.9542278031577, "94": 2998.879942991905, "96": 3258.8602337608168, "98": 3471.989567148574, "100": 3831.0661369942245}}