{"greedy": {"0": 14898.590250573667, "10": 14898.590250573667, "20": 14898.590250573667, "30": 14952.353747327274, "40": 15243.739091011752, "50": 15347.689663198702, "55": 15844.960808666016, "60": 15200.57757725679, "65": 15550.287752642043, "70": 15435.632789608188, "75": 16323.71197911456, "80": 16661.73707282943, "82": 16847.726023634088, "84": 16740.931278430395, "86": 16830.109424390423, "88": 16923.655867264588, "90": 17734.226075724055, "92": 17682.765418587398, "94": 17785.753190431373, "96": 17833.788095646076, "98": 17875.26611315394, "100": 17868.32792117547}, "mip": {"0": 2468.3373165989938, "10": 2260.3363903335235, "20": 2283.7899208222325, "30": 2194.086834966539, "40": 2976.145827252769, "50": 3322.9525654707086, "55": 3731.089142946704, "60": 3723.0087255761837, "65": 4934.620167257218, "70": 4502.988612925786, "75": 5470.184467760702, "80": 5176.78894456858, "82": 6179.678021155075, "84": 5846.244353542702, "86": 5903.0719277771905, "88": 6054.888832822339, "90": 6648.404067442367, "92": 7123.636021010976, "94": 7191.811114259343, "96": 7728.6592985920415, "98": 8285.38532814757, "100": 8824.137370162305}}