{"Centr-Global": [33.416749936454444, 33.097354098921, 31.85400267463137, 31.486969511121, 30.88099215737419, 30.402734777850323], "Centr-Graph": [37.88948280614929, 38.059578399737475, 36.583748458462765, 36.05623521433784, 33.932176461222106, 34.6956225674506], "Distr-Grid": [70.49590039173555, 67.5846383426601, 62.56393994452448, 58.115403527719224, 49.692839562974626, 47.363020948987575], "Distr-Battery": [59.5413049234824, 57.685411394628105, 50.18297774172668, 46.49610117233789, 42.78584092237031, 40.96253982487619], "GreenBox": [38.89053282669066, 38.74531262204821, 37.85343141250938, 36.20349358529775, 35.60224514440943, 35.25747842730998]}