{"Centr-Global": [32.377160345801414, 76.0602754900344, 126.38039115813183, 173.7333387653096, 218.9107763915669], "Centr-Graph": [36.72255378010425, 130.44163923275647, 228.02245835961523, 306.90273960210004, 385.55171242143314], "Distr-Grid": [68.44562988894113, 215.50419503308342, 352.1957557022271, 473.9147125866269, 608.781570656934], "Distr-Battery": [59.6719824174214, 183.13506884289245, 304.14565389056105, 420.90154784288904, 545.5092425770326], "GreenBox": [37.39790888170627, 92.78233383567125, 135.55128090743895, 194.54726039639456, 274.52063555263305]}