{"GreenBox-noPrunning": 36.34068844073467, "GreenBox-noSubgraph": 45.48786048569719, "GreenBox-noMIP": 82.54403012167889, "GreenBox": 45.710606886317365}