{"Centr-Global": [47.92982245833802, 50.9110957286719, 59.91526626199174, 64.4025547141921, 67.05529580572818, 69.42507623823035, 71.54390206072459, 73.58234276346421, 75.59003156072214, 77.52749351767778, 79.46495547463343, 80.65382259615814], "Centr-Graph": [39.16304869162366, 42.39118861252184, 54.254611311987354, 56.4282114925586, 58.13385654063286, 59.83950158870713, 63.17126320850277, 66.15836901740134, 68.58374516324483, 76.49350906358934, 78.18260815859972, 79.0271577061049], "Distr-Grid": [8.650854663029307, 9.79858681170182, 14.712323029113461, 17.176597161774072, 19.64087129443468, 21.519834915928808, 23.29894709555888, 25.07805927518895, 26.857171454819017, 28.636283634449086, 30.515944146275547, 31.620821089586236], "Distr-Battery": [16.447690492785377, 18.066288846691727, 23.359609566960042, 25.754782010527848, 28.149954454095653, 30.64658819800887, 33.487560164068626, 36.32853213012838, 39.169504096188135, 41.77669096844659, 44.28730491132773, 45.5426118827683], "GreenBox": [44.5569869171304, 47.5049660878832, 55.119881298842145, 58.662100053905675, 65.88916517806697, 67.25111687386713, 68.6130685696673, 69.97502026546748, 76.18826515832184, 77.61215698116042, 79.036048803999, 79.74799471541829]}