{"greedy": [20.26221312069675, 31.635162979381672, 35.06704458109611, 38.49892618281055, 45.4122750654095, 50.525973980977106, 51.53146164008937, 52.53694929920162, 53.542436958313885, 54.54792461742614, 72.61444708917189, 73.1774599442281], "mip": [100, 100, 100, 100, 100, 100, 100, 100, 100, 100, 100, 100]}