{"greedy": [0, 0, 0, 0, 0, 0, 0, 0, 0, 0, 0, 0, 0, 0, 0, 0], "mip": [0, 0, 0, 45.95244413161885, 47.31989984067319, 48.68735554972752, 73.72205336645114, 77.65759899924613, 92.9528620144363, 93.54845774096893, 100, 100, 100, 100, 100, 100]}