{"Centr-Global": [47.77672795746423, 65.8704271365589, 74.57002557093294, 82.37582867029083, 92.39152975666899, 96.26981379460747, 98.82279718730747, 100, 100, 100, 100, 100, 100], "Centr-Graph": [0, 34.63881551348186, 51.39026250121664, 59.97611435335733, 72.62567575102825, 88.76005075541667, 94.62456227493124, 97.8074670535819, 99.63235665279682, 100, 100, 100, 100], "Distr-Grid": [0, 0, 0, 0, 0, 0, 0, 0, 0, 0, 26.337488823323227, 92.64971185671483, 97.44749437779227], "Distr-Battery": [0, 0, 0, 0, 0, 0, 41.628679439063816, 52.01994504841123, 64.6285795888556, 84.78827750284806, 96.61339715049324, 97.54148149299449, 98.67925288306706], "GreenBox": [33.9116379716979, 40.68782322021208, 52.168972891675025, 61.14306973710775, 72.56934200343035, 81.64167917399871, 91.47968136366855, 96.97477282182976, 100, 100, 100, 100, 100]}