{"Centr-Global": [88.48975050865454, 91.45958793401307, 93.55678732601005, 95.20459013998399, 96.87861580869834, 98.198857726325, 98.74775744553824, 99.29665716475148, 99.84555688396472, 100], "Centr-Graph": [74.40970676327859, 78.38323909543337, 84.73207317852251, 89.28014085731044, 92.50382093571002, 94.39595538377758, 95.53748008553156, 96.63799160587483, 97.71056604313215, 98.15877818134678], "Distr-Grid": [0, 0, 0, 0, 12.536344898956843, 21.653042672299627, 23.925310695288335, 26.19757871827704, 28.469846741265748, 29.605980752760097], "Distr-Battery": [31.35124441755407, 34.27077770820843, 37.190310998862785, 40.18729930143551, 45.16549660473653, 50.04282620048521, 51.52651662743356, 53.0102070543819, 54.49389748133025, 60.93729300899217], "GreenBox": [72.18254703042776, 74.7966232715238, 80.98504134233956, 85.02329035996544, 88.75923914172532, 90.31443312133389, 91.66881595701838, 95.79362795100968, 97.0703132540828, 97.63885508354959]}