{"Centr-Global": [89.25193622948028, 94.21490918251557, 95.3811507350336, 96.75705782062713, 98.35819462473987, 98.94091171183588, 99.52362879893191, 100, 100, 100, 100, 100, 100], "Centr-Graph": [81.57836980661631, 86.13143482196693, 88.85134440887404, 92.81409726964192, 94.84318217900774, 97.16870118087377, 98.403875940728, 99.12563307404264, 99.84739020735728, 100, 100, 100, 100], "Distr-Grid": [0, 0, 82.89130793197342, 83.79533348067847, 88.79732167502829, 92.71657268130117, 94.40718787077618, 95.44601292154516, 96.26569723621166, 96.83498627844435, 97.97356436290973, 98.15434445513282, 98.47806576259495], "Distr-Battery": [52.51343110914732, 57.77812402103905, 77.11336163569584, 78.68053899152531, 97.75697792778806, 98.13474266460621, 98.30432083508558, 98.47389900556496, 98.64347717604434, 98.81305534652371, 99.15221168748248, 99.32178985796185, 99.66094619892061], "GreenBox": [80.39823466864874, 84.47154680655606, 85.20231149579975, 85.93307618504343, 91.46483335639952, 93.81122907784659, 96.18551234336843, 97.9044421672618, 100, 100, 100, 100, 100]}