{"Centr-Global": [14.644725680692924, 29.504542581325822, 35.82836772024453, 43.7409354157549, 51.88871705955707, 56.565791578055006, 67.0638192530329, 73.28797357423753, 100, 100, 100, 100, 100], "Centr-Graph": [7.296027721795059, 22.928147442628433, 29.529242768351345, 39.042114645405384, 42.89124284736247, 46.097966935913405, 49.30469102446435, 57.68021505493548, 63.77918072279907, 76.42891446083854, 100, 100, 100], "Distr-Grid": [0, 1.7584196149911262, 4.798812700362145, 7.839205785733164, 11.694775805861262, 17.55288318943061, 21.64255104959878, 24.463502977085774, 27.284454904572772, 30.205193955812796, 40.66869796893079, 43.7592035234749, 49.94021463256312], "Distr-Battery": [0, 0.970429355172063, 6.49949089569795, 11.495972131754607, 15.573422549935582, 19.65087296811656, 32.548923926730765, 36.64217277473015, 41.04482879171434, 46.86019254477898, 59.16060619467731, 61.415803082561794, 64.73033883178164], "GreenBox": [13.296801555639561, 24.089644819564086, 32.773288894277364, 40.30540207580587, 49.0131825319407, 57.18434383912626, 63.201915598688636, 74.05380593402197, 87.40936424049333, 100, 100, 100, 100]}