{"greedy": [0, 0, 0, 0, 0, 45.63808621992277, 54.395507255455286, 58.395457834172305, 61.56760463791091, 64.32686565405949, 89.43068761175837, 100, 100], "mip": [80.39823466864874, 84.47154680655606, 85.20231149579975, 85.93307618504343, 91.46483335639952, 93.81122907784659, 96.18551234336843, 97.9044421672618, 100, 100, 100, 100, 100]}