{"Centr-Global": [42.385861708146976, 71.64745600695123, 82.15853842651826, 98.88246137634077, 100, 100, 100, 100, 100, 100, 100, 100, 100], "Centr-Graph": [34.974706064579635, 57.9059110074839, 67.40980032862385, 80.82659834705939, 96.887999130363, 100, 100, 100, 100, 100, 100, 100, 100], "Distr-Grid": [0, 0, 0, 0, 0, 14.67250432151847, 20.489618293931354, 24.09647970343417, 27.703341112936982, 75.4834707620381, 98.25322527285192, 100, 100], "Distr-Battery": [0, 0, 0, 11.790057224351765, 51.32029331454481, 57.67454624400725, 74.10042101859993, 95.44349910677285, 100, 100, 100, 100, 100], "GreenBox": [31.883719795981094, 47.79158314176811, 67.05370172797555, 89.1962008327833, 100, 100, 100, 100, 100, 100, 100, 100, 100]}