{"Centr-Global": [93.19175275589623, 96.32523016498996, 97.18465306100892, 98.01334468469898, 98.53375210606072, 99.05415952742246, 99.5745669487842, 100, 100, 100, 100, 100, 100], "Centr-Graph": [89.53877471961063, 91.23401665629437, 92.84279928352751, 94.21969081432489, 96.54175785873491, 98.05307190867218, 98.65931921869861, 99.26556652872505, 99.87181383875148, 100, 100, 100, 100], "Distr-Grid": [88.34003269876862, 89.2138079572939, 90.08758321581917, 90.96135847434444, 92.48388224532222, 93.67671331146579, 96.40046662973681, 96.9559871343893, 97.51150763904181, 98.01630398889652, 98.28655465198962, 98.42167998353617, 98.69193064662927], "Distr-Battery": [95.92628617434451, 97.81665506203662, 98.06101697592689, 98.12850154974596, 98.2634706973841, 98.39843984502222, 98.53340899266037, 98.6683781402985, 98.80334728793663, 98.93831643557478, 99.20825473085104, 99.34322387848918, 99.61316217376545], "GreenBox": [84.53909649612017, 86.05073941033679, 87.30250618401104, 90.83047592650243, 92.92467995490743, 95.41135424919126, 97.0439815092118, 98.60993371278117, 100, 100, 100, 100, 100]}