{"greedy": [0, 0, 0, 0, 0, 0, 0, 0, 0, 0, 0, 0, 0], "mip": [9.173862330343136, 19.444614260448347, 25.785267301385396, 31.133083815329513, 34.78054705310255, 38.42801029087559, 42.051769041953115, 45.65757371718669, 49.26337839242028, 53.661001915920274, 61.14786942505456, 63.54295563763213, 68.02536827515517]}