{"Centr-Global": [90.52496126589925, 91.0638598139862, 91.60275836207315, 92.2089326055077, 92.60634872036178, 93.40118095006997, 94.09046480867032, 94.45729904740335, 94.82413328613639, 95.19096752486942], "Centr-Graph": [84.90600145383156, 85.54167241182543, 86.25744688055852, 87.18024148722427, 87.64163879055714, 90.40136585968807, 91.00773694971372, 91.61410803973936, 92.2116929737263, 92.79390000332587], "Distr-Grid": [76.33757737286791, 77.08617903139736, 77.8347806899268, 78.58338234845625, 78.95768317772098, 79.70628483625042, 88.31454847715447, 88.68304879307281, 89.05154910899114, 89.42004942490946], "Distr-Battery": [98.01843530344237, 98.06978173418585, 98.12112816492935, 98.17247459567282, 98.19814781104456, 98.24949424178806, 98.30084067253154, 98.35218710327503, 98.40353353401851, 98.454879964762], "GreenBox": [86.63108073043509, 87.16123424715065, 87.6913877638662, 88.33341180865285, 88.73234297490694, 89.5302053074151, 92.52479185410982, 93.28614638078555, 94.01663854008324, 94.28332455697603]}