{"Centr-Global": [94.16955260457249, 94.71083957791782, 95.25212655126315, 95.79341352460848, 96.0877256888084, 96.82901491898065, 97.57030414915289, 98.05531700083795, 98.18691766916862, 98.3185183374993], "Centr-Graph": [86.05035351672726, 87.22806274078182, 88.50407835656668, 89.96711124602272, 92.43949308339904, 92.81254335458016, 93.18559362576127, 93.55864389694237, 93.93169416812349, 94.62334097717984], "Distr-Grid": [0, 82.57656808166134, 83.0831277465648, 83.58968741146825, 83.84296724391997, 84.71762332351442, 85.75765492368517, 86.45900621581036, 87.05746307178175, 87.65591992775316], "Distr-Battery": [56.52577511641253, 58.87562828919238, 76.51946435809487, 77.22691566662256, 77.5806413208864, 78.28809262941411, 78.9955439379418, 79.7029952464695, 97.26333535896009, 97.52995345353222], "GreenBox": [84.46966989282433, 84.82267965411785, 85.17568941541138, 85.5286991767049, 85.70520405735166, 90.66478501856663, 90.94544897666286, 91.22611293475907, 91.5067768928553, 91.78744085095153]}