{"Centr-Global": [8.84515272966896, 20.548751029848777, 24.78604657168065, 29.02334211351252, 33.1194297157114, 37.173221343179335, 41.07267989958146, 44.616587665758225, 48.16049543193499, 51.27623723136706, 57.463818643698204, 62.078636258578385, 68.36279240257892], "Centr-Graph": [6.203455960734172, 13.759018416435431, 20.906694700987952, 24.232364495500946, 27.558034290013936, 31.064235184665545, 35.0693030234035, 39.07437086214146, 41.82746961745894, 44.2042468493179, 48.95780131303583, 51.0729810493355, 54.89476724248581], "Distr-Grid": [0, 0, 0, 1.7575679848169765, 4.631476283259684, 7.505384581702392, 10.287303538063417, 12.464207101073983, 14.64111066408455, 16.818014227095116, 21.069937851060132, 23.05757147283935, 27.032838716397784], "Distr-Battery": [0, 0, 3.5034138332794096, 10.444683703461912, 12.757931431995095, 15.071179160528276, 17.38442688906146, 19.69767461759464, 21.293814386962257, 22.782142962924958, 25.75880011485036, 27.247128690813057, 31.248902895756586], "GreenBox": [9.173862330343136, 19.444614260448347, 25.785267301385396, 31.133083815329513, 34.78054705310255, 38.42801029087559, 42.051769041953115, 45.65757371718669, 49.26337839242028, 53.661001915920274, 61.14786942505456, 63.54295563763213, 68.02536827515517]}