{"greedy": [0, 0, 0, 0, 0, 0, 0, 0, 0, 0, 0, 0, 0], "mip": [6.998394701006043, 14.800970361777779, 21.518513255536593, 25.49838954103638, 29.47826582653617, 32.61474281969748, 35.623975119485245, 38.633207419273006, 41.60900774637761, 44.5569869171304, 50.248943719873736, 51.869185651729964, 55.119881298842145]}