{"greedy": [0, 34.609340043056555, 39.94574932559782, 42.76641585347105, 48.356072785424914, 53.662057513111975, 58.746452154963066, 63.44139713279062, 67.5767950691734, 75.82244360912938, 100, 100, 100], "mip": [84.53909649612017, 86.05073941033679, 87.30250618401104, 90.83047592650243, 92.92467995490743, 95.41135424919126, 97.0439815092118, 98.60993371278117, 100, 100, 100, 100, 100]}