{"greedy": [54.30822168315002, 58.75813412488937, 62.1488045948522, 65.52088049858506, 73.57038232941717], "mip": [96.82813584638549, 98.58024843953449, 100, 100, 100]}