{"greedy": [0, 0, 0, 0, 0, 0, 0, 0, 0, 0, 0, 0, 0], "mip": [13.296801555639561, 24.089644819564086, 32.773288894277364, 40.30540207580587, 49.0131825319407, 57.18434383912626, 63.201915598688636, 74.05380593402197, 87.40936424049333, 100, 100, 100, 100]}