{"EL51-wind": [26.56731231231231, 23.054279279279278, 23.712972972972974, 24.59123123123123, 27.44557057057057, 28.104264264264266, 27.8846996996997, 29.64121621621622, 29.421651651651654, 27.665135135135134, 31.178168168168167, 38.20423423423423, 46.108558558558556, 55.54983483483483, 42.595525525525524, 23.273843843843842, 12.295615615615615, 15.369519519519521, 17.78472972972973, 23.932537537537538, 39.741186186186184, 53.354189189189185, 59.721561561561565, 55.110705705705705, 47.206381381381384], "PL92-wind": [39.16394789579159, 36.23790581162325, 31.736302605210422, 26.559458917835673, 21.83277555110221, 17.781332665330662, 15.08037074148297, 14.180050100200402, 13.504809619238479, 13.72988977955912, 14.855290581162327, 11.479088176352706, 9.678446893787576, 20.932454909819644, 24.758817635270546, 24.983897795591187, 23.408336673346696, 22.05785571142285, 21.157535070140284, 20.25721442885772, 16.881012024048097, 24.533737474949902, 27.909939879759524, 28.135020040080164, 29.935661322645295], "PT18-wind": [18.097500000000004, 19.208750000000002, 22.383750000000003, 26.352500000000006, 30.956250000000008, 35.08375000000001, 41.751250000000006, 49.212500000000006, 53.65750000000001, 59.531250000000014, 66.51625000000001, 71.91375000000002, 75.08875, 78.10500000000002, 84.93125000000002, 95.56750000000001, 100.01250000000002, 96.67875000000001, 95.72625000000001, 90.01125, 82.23250000000002, 72.39000000000001, 50.32375000000001, 42.38625000000001, 39.05250000000001], "UKK3-wind": [28.874078217821765, 33.125476237623744, 37.996869801980175, 40.919705940594035, 39.856856435643536, 38.52829455445542, 43.31111732673264, 46.05681188118809, 43.04540495049502, 45.0825331683168, 48.27108168316829, 48.53679405940591, 49.42250198019799, 49.86535594059402, 50.042497524752434, 50.92820544554451, 51.9024841584158, 53.319616831683135, 50.57392227722769, 46.23395346534651, 47.38537376237621, 48.80250643564354, 50.48535148514848, 52.43390891089105, 52.168196534653426], "FI1C-wind": [9.83164, 9.7643, 10.37036, 11.51514, 12.86194, 13.8047, 14.949480000000001, 15.4882, 16.36362, 16.565640000000002, 16.96968, 14.68012, 15.757560000000002, 18.518500000000003, 17.91244, 15.8249, 14.68012, 14.41076, 13.87204, 12.86194, 13.26598, 12.86194, 11.245780000000002, 9.62962, 8.282820000000001], "UKK4-wind": [13.948848814229244, 17.1820256916996, 19.583814229249004, 22.355108695652167, 23.55600296442687, 23.740755928853748, 28.267203557312243, 35.10306324110671, 34.27167490118576, 33.347910079051374, 37.042969367588924, 35.74969861660078, 32.97840415019762, 31.223250988142286, 30.391862648221334, 33.255533596837935, 37.874357707509866, 41.38466403162054, 41.01515810276678, 37.32009881422924, 35.65732213438734, 35.28781620553359, 36.39633399209485, 39.352381422924886, 40.830405138339906]}